{
    "name": "SlizzAi-Cleaner",
    "version": "1.0.0",
    "description": "A tool to clean and optimize SlizzAi configurations.",
    "main": "cleaner.js",
    "scripts": {
        "start": "node cleaner.js"
    },
    "keywords": ["AI", "Cleaner", "Optimization"],
    "author": "Mirnes",
    "license": "MIT",
    "dependencies": {
        "fs-extra": "^10.0.0",
        "path": "^0.12.7"
    },
    "devDependencies": {
        "nodemon": "^2.0.7"
    },
    "engines": {
        "node": ">=12.0.0"
    },
    "repository": {
        "type": "git",
        "url": "https://github.com/Slizzurp/SlizzAi-Cleaner.git"
    },
    "homepage": "https://github.com/Slizzurp/SlizzAi-Cleaner",
    "bugs": {
        "url": "https://github.com/Slizzurp/SlizzAi-Cleaner/issues"
    }
}